city,int_part
اسالم,2.0
اصفهان,3.0
بابلسر,3.0
بندرانزلی,3.0
رامسر,3.0
رشت,3.0
ساری,5.0
سرخرود,2.0
سوادکوه,2.0
شیراز,2.0
شیرگاه,3.0
تالش/هشتپر,2.0
تبریز,3.0
تنکابن/شهسوار,3.0
تهران,3.0
فومن,4.0
قشم,3.0
قم,2.0
لاهیجان,5.0
نوشهر,2.0
ماسال,3.0
محمودآباد,3.0
مشهد,3.0
متل قو,4.0
کاشان,2.0
کردان,3.5
کلاردشت,2.0
کیش,3.0
گرگان,3.0
چالوس,4.0
یزد,2.0
