city,int_part
اسالم,2.0
اصفهان,5.0
بابلسر,4.0
بندرانزلی,3.0
رامسر,2.0
رشت,4.0
ساری,4.0
سرخرود,5.0
سوادکوه,2.0
شیراز,5.0
شیرگاه,5.0
تالش/هشتپر,2.0
تبریز,7.0
تنکابن/شهسوار,2.0
تهران,5.0
فومن,1.0
قشم,3.0
قم,5.0
لاهیجان,5.0
نوشهر,3.0
ماسال,2.0
محمودآباد,2.0
مشهد,2.0
متل قو,3.0
کاشان,2.0
کردان,4.0
کلاردشت,2.0
کیش,4.0
گرگان,5.0
چالوس,5.0
یزد,2.0
