city,int_part
اسالم,0.0
اصفهان,3.0
بابلسر,2.0
بندرانزلی,2.0
رامسر,2.0
رشت,2.0
ساری,2.0
سرخرود,1.0
سوادکوه,2.0
شیراز,2.0
شیرگاه,4.0
تالش/هشتپر,2.0
تبریز,1.0
تنکابن/شهسوار,1.0
تهران,3.0
فومن,2.0
قشم,2.0
قم,5.5
لاهیجان,2.0
نوشهر,3.0
ماسال,2.0
محمودآباد,3.0
مشهد,3.0
متل قو,2.5
کاشان,1.0
کردان,7.0
کلاردشت,2.0
کیش,1.0
گرگان,3.0
چالوس,5.0
یزد,2.0
