city,int_part
اسالم,7.0
اصفهان,6.0
بابلسر,4.0
بندرانزلی,5.0
رامسر,7.0
رشت,6.5
ساری,4.0
سرخرود,4.0
سوادکوه,4.0
شیراز,4.0
شیرگاه,4.0
تالش/هشتپر,3.0
تبریز,6.0
تنکابن/شهسوار,4.0
تهران,4.0
فومن,5.0
قشم,3.0
قم,2.0
لاهیجان,5.5
نوشهر,3.0
ماسال,5.0
محمودآباد,7.5
مشهد,4.0
متل قو,5.0
کاشان,3.0
کردان,9.0
کلاردشت,5.0
کیش,7.0
گرگان,6.0
چالوس,7.0
یزد,3.0
