city,overall_rate
اسالم,4.7
اصفهان,4.6
بابلسر,4.4
بندرانزلی,4.6
رامسر,4.7
رشت,4.6
ساری,4.6
سرخرود,4.6
سوادکوه,4.7
شیراز,4.6
شیرگاه,4.7
تالش/هشتپر,4.5
تبریز,4.4
تنکابن/شهسوار,4.7
تهران,4.6
فومن,4.5
قشم,4.6
قم,4.5
لاهیجان,4.6
نوشهر,4.4
ماسال,4.7
محمودآباد,4.5
مشهد,4.3
متل قو,4.5
کاشان,4.7
کردان,4.5
کلاردشت,4.6
کیش,4.5
گرگان,4.6
چالوس,4.6
یزد,4.6
